-- KREWE Governance — seed the three NIST/CMMC policy templates (milestone R2, NOC-54).
-- GENERATED by generate_seed.py from ../policy-templates/nist-cmmc/ — edit the
-- templates and regenerate rather than editing this file.
--
-- Idempotent + database-first: matches categories by Name, policies by Title,
-- variables by (PolicyId, Key). Run manually against krewe-governance-db
-- (noit-krwgov-0628.database.windows.net) — e.g. Azure Portal Query editor.
-- NEVER run EF migrations/EnsureCreated against that database.

SET XACT_ABORT ON;
BEGIN TRANSACTION;

-- Seed rows carry CreatedByUserId = empty GUID (system/seed; Users has no FK here).
DECLARE @seedUser uniqueidentifier = '00000000-0000-0000-0000-000000000000';
DECLARE @now datetime2 = SYSUTCDATETIME();

-- ============ Device & Application Inventory Policy ============
DECLARE @cat_device_and_application_inventory uniqueidentifier =
    (SELECT TOP 1 Id FROM PolicyCategories WHERE Name = N'Configuration Management');
IF @cat_device_and_application_inventory IS NULL
BEGIN
    SET @cat_device_and_application_inventory = 'A1000000-0000-4000-8000-000000000001';
    INSERT INTO PolicyCategories (Id, Name, Description, SortOrder, CreatedAt, UpdatedAt)
    VALUES (@cat_device_and_application_inventory, N'Configuration Management', NULL, 1, @now, @now);
END;

DECLARE @pol_device_and_application_inventory uniqueidentifier =
    (SELECT TOP 1 Id FROM Policies WHERE Title = N'Device & Application Inventory Policy');
IF @pol_device_and_application_inventory IS NULL
BEGIN
    SET @pol_device_and_application_inventory = 'B1000000-0000-4000-8000-000000000001';
    INSERT INTO Policies (Id, Title, Summary, Content, CategoryId, AssignedClientIds,
                          Status, CurrentVersion, CreatedByUserId, NextReviewDate, CreatedAt, UpdatedAt)
    VALUES (@pol_device_and_application_inventory, N'Device & Application Inventory Policy', N'How the client identifies, records, and maintains an accurate inventory of hardware and software. NIST SP 800-171 3.4.1-3.4.3 / CMMC 2.0 CM / CSF ID.AM-1,2. Draft - vCIO/legal review required before client issue.',
            N'# {{Company.LegalName}} — Device & Application Inventory Policy

**Effective date:** {{Policy.EffectiveDate}}
**Owner:** {{IT.Manager}}
**Maintained with:** {{IT.ProviderName}}
**Review cadence:** {{Policy.ReviewCadence}}

## 1. Purpose

This policy establishes how {{Company.ShortName}} identifies, records, and maintains an
accurate inventory of the hardware devices and software applications that store, process, or
transmit company and client information. A current inventory is the foundation for
configuration management, vulnerability management, licensing, and incident response, and is
required to demonstrate compliance with NIST SP 800-171 (3.4.1–3.4.3) and CMMC 2.0
Configuration Management practices.

## 2. Scope

This policy applies to all information systems owned, leased, or managed by
{{Company.LegalName}} at {{Company.Address}} and any remote or cloud locations, including:

- Endpoints (desktops, laptops, tablets, mobile devices)
- Servers and virtual machines (on-premises and cloud)
- Network infrastructure (firewalls, switches, wireless access points)
- Peripherals that store data (printers/MFPs, external drives)
- Software applications, operating systems, and cloud/SaaS services

## 3. Policy

### 3.1 Hardware inventory *(NIST 800-171 3.4.1; CSF ID.AM-1)*
- A complete inventory of all in-scope devices shall be maintained and include, at minimum:
  asset identifier, device type, owner/assigned user, physical/logical location, operating
  system and version, and current status (active, spare, retired).
- New devices shall be recorded in the inventory before being placed into production.
- The inventory shall be reconciled against automated discovery data at least
  {{Policy.ReviewCadence}}.

### 3.2 Software & application inventory *(NIST 800-171 3.4.1; CSF ID.AM-2)*
- A current inventory of authorized operating systems, applications, and cloud/SaaS services
  shall be maintained, including version and business owner.
- Only software that appears on the authorized list may be installed. Unauthorized software
  shall be removed upon discovery.

### 3.3 Baseline configuration *(NIST 800-171 3.4.1–3.4.2)*
- Standard secure baseline configurations shall be defined for each device class and applied
  before deployment.
- Deviations from baseline require documented approval by {{IT.Manager}}.

### 3.4 Change tracking *(NIST 800-171 3.4.3)*
- Additions, removals, and significant changes to inventoried assets shall be logged, reviewed,
  and approved or disapproved through the change process.

### 3.5 Ownership & review
- {{IT.Manager}}, supported by {{IT.ProviderName}}, is responsible for maintaining this policy
  and the associated inventories.
- This policy shall be reviewed at least {{Policy.ReviewCadence}} and after any material change
  to the environment.

## 4. Roles & responsibilities

| Role | Responsibility |
|---|---|
| {{IT.Manager}} | Owns the policy; approves baselines and changes |
| {{IT.ProviderName}} | Maintains inventories, runs discovery, reports exceptions |
| All staff | Do not install unauthorized software; report new/lost devices |

## 5. Enforcement

Failure to comply may result in removal of the offending asset from the network and, for
personnel, disciplinary action consistent with {{Company.ShortName}} policy.

## 6. Control mapping

| Framework | Control(s) |
|---|---|
| NIST SP 800-171 | 3.4.1, 3.4.2, 3.4.3 |
| CMMC 2.0 | CM.L2-3.4.1, CM.L2-3.4.2 |
| NIST CSF | ID.AM-1, ID.AM-2 |

> **Draft notice:** Generated as a NOIT Policy Hub template. Placeholder tokens are resolved
> per client by the merge engine. Requires vCIO/legal review before issuance.
',
            @cat_device_and_application_inventory, N'[]', N'draft', 1, @seedUser, NULL, @now, @now);

    INSERT INTO PolicyVersions (Id, PolicyId, VersionNumber, Content, ChangeNotes, CreatedByUserId, CreatedAt)
    VALUES ('C1000000-0000-4000-8000-000000000001', @pol_device_and_application_inventory, 1,
            N'# {{Company.LegalName}} — Device & Application Inventory Policy

**Effective date:** {{Policy.EffectiveDate}}
**Owner:** {{IT.Manager}}
**Maintained with:** {{IT.ProviderName}}
**Review cadence:** {{Policy.ReviewCadence}}

## 1. Purpose

This policy establishes how {{Company.ShortName}} identifies, records, and maintains an
accurate inventory of the hardware devices and software applications that store, process, or
transmit company and client information. A current inventory is the foundation for
configuration management, vulnerability management, licensing, and incident response, and is
required to demonstrate compliance with NIST SP 800-171 (3.4.1–3.4.3) and CMMC 2.0
Configuration Management practices.

## 2. Scope

This policy applies to all information systems owned, leased, or managed by
{{Company.LegalName}} at {{Company.Address}} and any remote or cloud locations, including:

- Endpoints (desktops, laptops, tablets, mobile devices)
- Servers and virtual machines (on-premises and cloud)
- Network infrastructure (firewalls, switches, wireless access points)
- Peripherals that store data (printers/MFPs, external drives)
- Software applications, operating systems, and cloud/SaaS services

## 3. Policy

### 3.1 Hardware inventory *(NIST 800-171 3.4.1; CSF ID.AM-1)*
- A complete inventory of all in-scope devices shall be maintained and include, at minimum:
  asset identifier, device type, owner/assigned user, physical/logical location, operating
  system and version, and current status (active, spare, retired).
- New devices shall be recorded in the inventory before being placed into production.
- The inventory shall be reconciled against automated discovery data at least
  {{Policy.ReviewCadence}}.

### 3.2 Software & application inventory *(NIST 800-171 3.4.1; CSF ID.AM-2)*
- A current inventory of authorized operating systems, applications, and cloud/SaaS services
  shall be maintained, including version and business owner.
- Only software that appears on the authorized list may be installed. Unauthorized software
  shall be removed upon discovery.

### 3.3 Baseline configuration *(NIST 800-171 3.4.1–3.4.2)*
- Standard secure baseline configurations shall be defined for each device class and applied
  before deployment.
- Deviations from baseline require documented approval by {{IT.Manager}}.

### 3.4 Change tracking *(NIST 800-171 3.4.3)*
- Additions, removals, and significant changes to inventoried assets shall be logged, reviewed,
  and approved or disapproved through the change process.

### 3.5 Ownership & review
- {{IT.Manager}}, supported by {{IT.ProviderName}}, is responsible for maintaining this policy
  and the associated inventories.
- This policy shall be reviewed at least {{Policy.ReviewCadence}} and after any material change
  to the environment.

## 4. Roles & responsibilities

| Role | Responsibility |
|---|---|
| {{IT.Manager}} | Owns the policy; approves baselines and changes |
| {{IT.ProviderName}} | Maintains inventories, runs discovery, reports exceptions |
| All staff | Do not install unauthorized software; report new/lost devices |

## 5. Enforcement

Failure to comply may result in removal of the offending asset from the network and, for
personnel, disciplinary action consistent with {{Company.ShortName}} policy.

## 6. Control mapping

| Framework | Control(s) |
|---|---|
| NIST SP 800-171 | 3.4.1, 3.4.2, 3.4.3 |
| CMMC 2.0 | CM.L2-3.4.1, CM.L2-3.4.2 |
| NIST CSF | ID.AM-1, ID.AM-2 |

> **Draft notice:** Generated as a NOIT Policy Hub template. Placeholder tokens are resolved
> per client by the merge engine. Requires vCIO/legal review before issuance.
',
            N'Initial seed from policy-templates/nist-cmmc/device-and-application-inventory.md (0.1-draft).', @seedUser, @now);
END;

IF NOT EXISTS (SELECT 1 FROM PolicyVariables WHERE PolicyId = @pol_device_and_application_inventory AND [Key] = N'Company.LegalName')
    INSERT INTO PolicyVariables (PolicyId, [Key], Label, Question, InputType, Options, IsUniversal, Required, SortOrder)
    VALUES (@pol_device_and_application_inventory, N'Company.LegalName', N'Company legal name', N'What is the organization''s full legal name?', N'text', NULL, 1, 1, 1);
IF NOT EXISTS (SELECT 1 FROM PolicyVariables WHERE PolicyId = @pol_device_and_application_inventory AND [Key] = N'Company.ShortName')
    INSERT INTO PolicyVariables (PolicyId, [Key], Label, Question, InputType, Options, IsUniversal, Required, SortOrder)
    VALUES (@pol_device_and_application_inventory, N'Company.ShortName', N'Company short name', N'What short name should policies use in-text?', N'text', NULL, 1, 1, 2);
IF NOT EXISTS (SELECT 1 FROM PolicyVariables WHERE PolicyId = @pol_device_and_application_inventory AND [Key] = N'Company.Address')
    INSERT INTO PolicyVariables (PolicyId, [Key], Label, Question, InputType, Options, IsUniversal, Required, SortOrder)
    VALUES (@pol_device_and_application_inventory, N'Company.Address', N'Primary business address', N'What is the primary business address?', N'textarea', NULL, 1, 1, 3);
IF NOT EXISTS (SELECT 1 FROM PolicyVariables WHERE PolicyId = @pol_device_and_application_inventory AND [Key] = N'IT.Manager')
    INSERT INTO PolicyVariables (PolicyId, [Key], Label, Question, InputType, Options, IsUniversal, Required, SortOrder)
    VALUES (@pol_device_and_application_inventory, N'IT.Manager', N'Policy owner / IT manager', N'Who is the policy owner / IT manager (name + title)?', N'text', NULL, 1, 1, 4);
IF NOT EXISTS (SELECT 1 FROM PolicyVariables WHERE PolicyId = @pol_device_and_application_inventory AND [Key] = N'IT.ProviderName')
    INSERT INTO PolicyVariables (PolicyId, [Key], Label, Question, InputType, Options, IsUniversal, Required, SortOrder)
    VALUES (@pol_device_and_application_inventory, N'IT.ProviderName', N'Managed IT provider', N'Who is the managed IT provider?', N'text', NULL, 1, 1, 5);
IF NOT EXISTS (SELECT 1 FROM PolicyVariables WHERE PolicyId = @pol_device_and_application_inventory AND [Key] = N'Policy.EffectiveDate')
    INSERT INTO PolicyVariables (PolicyId, [Key], Label, Question, InputType, Options, IsUniversal, Required, SortOrder)
    VALUES (@pol_device_and_application_inventory, N'Policy.EffectiveDate', N'Policy effective date', N'What effective date should this policy set carry?', N'date', NULL, 1, 1, 6);
IF NOT EXISTS (SELECT 1 FROM PolicyVariables WHERE PolicyId = @pol_device_and_application_inventory AND [Key] = N'Policy.ReviewCadence')
    INSERT INTO PolicyVariables (PolicyId, [Key], Label, Question, InputType, Options, IsUniversal, Required, SortOrder)
    VALUES (@pol_device_and_application_inventory, N'Policy.ReviewCadence', N'Policy review cadence', N'How often will policies be reviewed?', N'text', NULL, 1, 1, 7);

-- ============ Access Control Policy ============
DECLARE @cat_access_control uniqueidentifier =
    (SELECT TOP 1 Id FROM PolicyCategories WHERE Name = N'Access Control');
IF @cat_access_control IS NULL
BEGIN
    SET @cat_access_control = 'A1000000-0000-4000-8000-000000000002';
    INSERT INTO PolicyCategories (Id, Name, Description, SortOrder, CreatedAt, UpdatedAt)
    VALUES (@cat_access_control, N'Access Control', NULL, 2, @now, @now);
END;

DECLARE @pol_access_control uniqueidentifier =
    (SELECT TOP 1 Id FROM Policies WHERE Title = N'Access Control Policy');
IF @pol_access_control IS NULL
BEGIN
    SET @pol_access_control = 'B1000000-0000-4000-8000-000000000002';
    INSERT INTO Policies (Id, Title, Summary, Content, CategoryId, AssignedClientIds,
                          Status, CurrentVersion, CreatedByUserId, NextReviewDate, CreatedAt, UpdatedAt)
    VALUES (@pol_access_control, N'Access Control Policy', N'How the client grants, manages, and revokes access to systems and data with least privilege. NIST SP 800-171 3.1.x / CMMC 2.0 AC / CSF PR.AC. Draft - vCIO/legal review required before client issue.',
            N'# {{Company.LegalName}} — Access Control Policy

**Effective date:** {{Policy.EffectiveDate}}
**Owner:** {{IT.Manager}}
**Maintained with:** {{IT.ProviderName}}
**Review cadence:** {{Policy.ReviewCadence}}

## 1. Purpose

This policy defines how {{Company.ShortName}} grants, manages, and revokes access to
information systems and data so that access is limited to authorized users and processes and
is consistent with least privilege. It supports compliance with NIST SP 800-171 (3.1.x) and
CMMC 2.0 Access Control practices.

## 2. Scope

Applies to all users (employees, contractors, and third parties), devices, and accounts that
access {{Company.LegalName}} systems and data, on-premises and in the cloud.

## 3. Policy

### 3.1 Account management *(NIST 800-171 3.1.1; CSF PR.AC-1)*
- Access shall be provisioned only through an approved request tied to a specific role.
- Each user shall have a unique account; shared/generic accounts are prohibited except where
  documented and compensated for.
- Accounts shall be disabled promptly upon termination or role change (target: same business
  day) and reviewed at least {{Policy.ReviewCadence}}.

### 3.2 Least privilege & separation of duties *(NIST 800-171 3.1.4–3.1.5; CSF PR.AC-4)*
- Users shall be granted the minimum access required to perform their duties.
- Privileged/administrative access shall be restricted, separately approved, and logged.
- Where practical, conflicting duties (e.g., request vs. approval) shall be separated.

### 3.3 Authentication *(NIST 800-171 3.1.1; CSF PR.AC-7)*
- Multi-factor authentication shall be enforced for remote access, administrative access, and
  access to cloud services holding company or client data.
- Passwords/credentials shall meet {{Company.ShortName}}''s credential standard.

### 3.4 Remote access *(NIST 800-171 3.1.12–3.1.13)*
- Remote access shall be authorized, encrypted in transit, and routed through approved
  mechanisms.
- Remote sessions shall be monitored and subject to session lock/timeout.

### 3.5 Review & recertification
- Access rights, especially privileged access, shall be reviewed and recertified at least
  {{Policy.ReviewCadence}} by {{IT.Manager}}.

## 4. Roles & responsibilities

| Role | Responsibility |
|---|---|
| {{IT.Manager}} | Approves access, owns recertification |
| {{IT.ProviderName}} | Implements provisioning/deprovisioning, enforces MFA, monitors remote access |
| All staff | Use only authorized access; protect credentials; report suspected misuse |

## 5. Enforcement

Violations may result in suspension of access and disciplinary action consistent with
{{Company.ShortName}} policy and applicable law.

## 6. Control mapping

| Framework | Control(s) |
|---|---|
| NIST SP 800-171 | 3.1.1, 3.1.2, 3.1.4, 3.1.5, 3.1.12, 3.1.13 |
| CMMC 2.0 | AC.L1-3.1.1, AC.L1-3.1.2, AC.L2-3.1.5, AC.L2-3.1.12 |
| NIST CSF | PR.AC-1, PR.AC-4, PR.AC-7 |

> **Draft notice:** Generated as a NOIT Policy Hub template. Placeholder tokens are resolved
> per client by the merge engine. Requires vCIO/legal review before issuance.
',
            @cat_access_control, N'[]', N'draft', 1, @seedUser, NULL, @now, @now);

    INSERT INTO PolicyVersions (Id, PolicyId, VersionNumber, Content, ChangeNotes, CreatedByUserId, CreatedAt)
    VALUES ('C1000000-0000-4000-8000-000000000002', @pol_access_control, 1,
            N'# {{Company.LegalName}} — Access Control Policy

**Effective date:** {{Policy.EffectiveDate}}
**Owner:** {{IT.Manager}}
**Maintained with:** {{IT.ProviderName}}
**Review cadence:** {{Policy.ReviewCadence}}

## 1. Purpose

This policy defines how {{Company.ShortName}} grants, manages, and revokes access to
information systems and data so that access is limited to authorized users and processes and
is consistent with least privilege. It supports compliance with NIST SP 800-171 (3.1.x) and
CMMC 2.0 Access Control practices.

## 2. Scope

Applies to all users (employees, contractors, and third parties), devices, and accounts that
access {{Company.LegalName}} systems and data, on-premises and in the cloud.

## 3. Policy

### 3.1 Account management *(NIST 800-171 3.1.1; CSF PR.AC-1)*
- Access shall be provisioned only through an approved request tied to a specific role.
- Each user shall have a unique account; shared/generic accounts are prohibited except where
  documented and compensated for.
- Accounts shall be disabled promptly upon termination or role change (target: same business
  day) and reviewed at least {{Policy.ReviewCadence}}.

### 3.2 Least privilege & separation of duties *(NIST 800-171 3.1.4–3.1.5; CSF PR.AC-4)*
- Users shall be granted the minimum access required to perform their duties.
- Privileged/administrative access shall be restricted, separately approved, and logged.
- Where practical, conflicting duties (e.g., request vs. approval) shall be separated.

### 3.3 Authentication *(NIST 800-171 3.1.1; CSF PR.AC-7)*
- Multi-factor authentication shall be enforced for remote access, administrative access, and
  access to cloud services holding company or client data.
- Passwords/credentials shall meet {{Company.ShortName}}''s credential standard.

### 3.4 Remote access *(NIST 800-171 3.1.12–3.1.13)*
- Remote access shall be authorized, encrypted in transit, and routed through approved
  mechanisms.
- Remote sessions shall be monitored and subject to session lock/timeout.

### 3.5 Review & recertification
- Access rights, especially privileged access, shall be reviewed and recertified at least
  {{Policy.ReviewCadence}} by {{IT.Manager}}.

## 4. Roles & responsibilities

| Role | Responsibility |
|---|---|
| {{IT.Manager}} | Approves access, owns recertification |
| {{IT.ProviderName}} | Implements provisioning/deprovisioning, enforces MFA, monitors remote access |
| All staff | Use only authorized access; protect credentials; report suspected misuse |

## 5. Enforcement

Violations may result in suspension of access and disciplinary action consistent with
{{Company.ShortName}} policy and applicable law.

## 6. Control mapping

| Framework | Control(s) |
|---|---|
| NIST SP 800-171 | 3.1.1, 3.1.2, 3.1.4, 3.1.5, 3.1.12, 3.1.13 |
| CMMC 2.0 | AC.L1-3.1.1, AC.L1-3.1.2, AC.L2-3.1.5, AC.L2-3.1.12 |
| NIST CSF | PR.AC-1, PR.AC-4, PR.AC-7 |

> **Draft notice:** Generated as a NOIT Policy Hub template. Placeholder tokens are resolved
> per client by the merge engine. Requires vCIO/legal review before issuance.
',
            N'Initial seed from policy-templates/nist-cmmc/access-control.md (0.1-draft).', @seedUser, @now);
END;

IF NOT EXISTS (SELECT 1 FROM PolicyVariables WHERE PolicyId = @pol_access_control AND [Key] = N'Company.LegalName')
    INSERT INTO PolicyVariables (PolicyId, [Key], Label, Question, InputType, Options, IsUniversal, Required, SortOrder)
    VALUES (@pol_access_control, N'Company.LegalName', N'Company legal name', N'What is the organization''s full legal name?', N'text', NULL, 1, 1, 1);
IF NOT EXISTS (SELECT 1 FROM PolicyVariables WHERE PolicyId = @pol_access_control AND [Key] = N'Company.ShortName')
    INSERT INTO PolicyVariables (PolicyId, [Key], Label, Question, InputType, Options, IsUniversal, Required, SortOrder)
    VALUES (@pol_access_control, N'Company.ShortName', N'Company short name', N'What short name should policies use in-text?', N'text', NULL, 1, 1, 2);
IF NOT EXISTS (SELECT 1 FROM PolicyVariables WHERE PolicyId = @pol_access_control AND [Key] = N'IT.Manager')
    INSERT INTO PolicyVariables (PolicyId, [Key], Label, Question, InputType, Options, IsUniversal, Required, SortOrder)
    VALUES (@pol_access_control, N'IT.Manager', N'Policy owner / IT manager', N'Who is the policy owner / IT manager (name + title)?', N'text', NULL, 1, 1, 3);
IF NOT EXISTS (SELECT 1 FROM PolicyVariables WHERE PolicyId = @pol_access_control AND [Key] = N'IT.ProviderName')
    INSERT INTO PolicyVariables (PolicyId, [Key], Label, Question, InputType, Options, IsUniversal, Required, SortOrder)
    VALUES (@pol_access_control, N'IT.ProviderName', N'Managed IT provider', N'Who is the managed IT provider?', N'text', NULL, 1, 1, 4);
IF NOT EXISTS (SELECT 1 FROM PolicyVariables WHERE PolicyId = @pol_access_control AND [Key] = N'Policy.EffectiveDate')
    INSERT INTO PolicyVariables (PolicyId, [Key], Label, Question, InputType, Options, IsUniversal, Required, SortOrder)
    VALUES (@pol_access_control, N'Policy.EffectiveDate', N'Policy effective date', N'What effective date should this policy set carry?', N'date', NULL, 1, 1, 5);
IF NOT EXISTS (SELECT 1 FROM PolicyVariables WHERE PolicyId = @pol_access_control AND [Key] = N'Policy.ReviewCadence')
    INSERT INTO PolicyVariables (PolicyId, [Key], Label, Question, InputType, Options, IsUniversal, Required, SortOrder)
    VALUES (@pol_access_control, N'Policy.ReviewCadence', N'Policy review cadence', N'How often will policies be reviewed?', N'text', NULL, 1, 1, 6);

-- ============ Security Awareness & Training Policy ============
DECLARE @cat_awareness_and_training uniqueidentifier =
    (SELECT TOP 1 Id FROM PolicyCategories WHERE Name = N'Awareness & Training');
IF @cat_awareness_and_training IS NULL
BEGIN
    SET @cat_awareness_and_training = 'A1000000-0000-4000-8000-000000000003';
    INSERT INTO PolicyCategories (Id, Name, Description, SortOrder, CreatedAt, UpdatedAt)
    VALUES (@cat_awareness_and_training, N'Awareness & Training', NULL, 3, @now, @now);
END;

DECLARE @pol_awareness_and_training uniqueidentifier =
    (SELECT TOP 1 Id FROM Policies WHERE Title = N'Security Awareness & Training Policy');
IF @pol_awareness_and_training IS NULL
BEGIN
    SET @pol_awareness_and_training = 'B1000000-0000-4000-8000-000000000003';
    INSERT INTO Policies (Id, Title, Summary, Content, CategoryId, AssignedClientIds,
                          Status, CurrentVersion, CreatedByUserId, NextReviewDate, CreatedAt, UpdatedAt)
    VALUES (@pol_awareness_and_training, N'Security Awareness & Training Policy', N'The client''s security awareness and training program, distributed and acknowledged via Phin Security. NIST SP 800-171 3.2.1-3.2.3 / CMMC 2.0 AT / CSF PR.AT. Draft - vCIO/legal review required before client issue.',
            N'# {{Company.LegalName}} — Security Awareness & Training Policy

**Effective date:** {{Policy.EffectiveDate}}
**Owner:** {{IT.Manager}}
**Maintained with:** {{IT.ProviderName}}
**Review cadence:** {{Policy.ReviewCadence}}

## 1. Purpose

This policy establishes {{Company.ShortName}}''s security awareness and training program so that
all personnel understand the information security risks associated with their activities and
are prepared to carry out their security responsibilities. It supports compliance with NIST SP
800-171 (3.2.1–3.2.3) and CMMC 2.0 Awareness & Training practices.

## 2. Scope

Applies to all employees, contractors, and third parties who access {{Company.LegalName}}
systems or data, including privileged and administrative users.

## 3. Policy

### 3.1 General awareness *(NIST 800-171 3.2.1; CSF PR.AT-1)*
- All personnel shall complete security awareness training upon hire and at least
  {{Training.Frequency}} thereafter.
- Awareness content shall cover current threats relevant to {{Company.ShortName}}, including
  phishing, social engineering, credential hygiene, safe data handling, and physical security.

### 3.2 Role-based training *(NIST 800-171 3.2.2; CSF PR.AT-2)*
- Personnel with elevated or specialized responsibilities (administrators, privileged users)
  shall receive role-based training appropriate to those duties.

### 3.3 Insider threat awareness *(NIST 800-171 3.2.3)*
- Training shall include recognizing and reporting indicators of insider threat and the
  approved reporting channels.

### 3.4 Ongoing reinforcement
- {{Company.ShortName}} may use simulated phishing and periodic micro-training to reinforce
  awareness. Results inform additional targeted training.

### 3.5 Distribution & acknowledgment
- This policy and its associated training are distributed through **Phin Security**, which
  collects and records each user''s acknowledgment.
- Completion and acknowledgment records shall be retained as evidence of compliance and
  surfaced in the Policy Hub compliance dashboard.

### 3.6 Review
- {{IT.Manager}}, supported by {{IT.ProviderName}}, shall review this policy and the training
  program at least {{Policy.ReviewCadence}}.

## 4. Roles & responsibilities

| Role | Responsibility |
|---|---|
| {{IT.Manager}} | Owns the program; reviews completion/acknowledgment |
| {{IT.ProviderName}} | Delivers training via Phin, tracks completion, reports gaps |
| All staff | Complete assigned training on time; acknowledge this policy; report threats |

## 5. Enforcement

Failure to complete required training or acknowledge this policy may result in restricted
access and disciplinary action consistent with {{Company.ShortName}} policy.

## 6. Control mapping

| Framework | Control(s) |
|---|---|
| NIST SP 800-171 | 3.2.1, 3.2.2, 3.2.3 |
| CMMC 2.0 | AT.L2-3.2.1, AT.L2-3.2.2, AT.L2-3.2.3 |
| NIST CSF | PR.AT-1, PR.AT-2 |

> **Draft notice:** Generated as a NOIT Policy Hub template. Placeholder tokens are resolved
> per client by the merge engine. Distribution/acknowledgment via Phin Security (M4 Track A).
> Requires vCIO/legal review before issuance.
',
            @cat_awareness_and_training, N'[]', N'draft', 1, @seedUser, NULL, @now, @now);

    INSERT INTO PolicyVersions (Id, PolicyId, VersionNumber, Content, ChangeNotes, CreatedByUserId, CreatedAt)
    VALUES ('C1000000-0000-4000-8000-000000000003', @pol_awareness_and_training, 1,
            N'# {{Company.LegalName}} — Security Awareness & Training Policy

**Effective date:** {{Policy.EffectiveDate}}
**Owner:** {{IT.Manager}}
**Maintained with:** {{IT.ProviderName}}
**Review cadence:** {{Policy.ReviewCadence}}

## 1. Purpose

This policy establishes {{Company.ShortName}}''s security awareness and training program so that
all personnel understand the information security risks associated with their activities and
are prepared to carry out their security responsibilities. It supports compliance with NIST SP
800-171 (3.2.1–3.2.3) and CMMC 2.0 Awareness & Training practices.

## 2. Scope

Applies to all employees, contractors, and third parties who access {{Company.LegalName}}
systems or data, including privileged and administrative users.

## 3. Policy

### 3.1 General awareness *(NIST 800-171 3.2.1; CSF PR.AT-1)*
- All personnel shall complete security awareness training upon hire and at least
  {{Training.Frequency}} thereafter.
- Awareness content shall cover current threats relevant to {{Company.ShortName}}, including
  phishing, social engineering, credential hygiene, safe data handling, and physical security.

### 3.2 Role-based training *(NIST 800-171 3.2.2; CSF PR.AT-2)*
- Personnel with elevated or specialized responsibilities (administrators, privileged users)
  shall receive role-based training appropriate to those duties.

### 3.3 Insider threat awareness *(NIST 800-171 3.2.3)*
- Training shall include recognizing and reporting indicators of insider threat and the
  approved reporting channels.

### 3.4 Ongoing reinforcement
- {{Company.ShortName}} may use simulated phishing and periodic micro-training to reinforce
  awareness. Results inform additional targeted training.

### 3.5 Distribution & acknowledgment
- This policy and its associated training are distributed through **Phin Security**, which
  collects and records each user''s acknowledgment.
- Completion and acknowledgment records shall be retained as evidence of compliance and
  surfaced in the Policy Hub compliance dashboard.

### 3.6 Review
- {{IT.Manager}}, supported by {{IT.ProviderName}}, shall review this policy and the training
  program at least {{Policy.ReviewCadence}}.

## 4. Roles & responsibilities

| Role | Responsibility |
|---|---|
| {{IT.Manager}} | Owns the program; reviews completion/acknowledgment |
| {{IT.ProviderName}} | Delivers training via Phin, tracks completion, reports gaps |
| All staff | Complete assigned training on time; acknowledge this policy; report threats |

## 5. Enforcement

Failure to complete required training or acknowledge this policy may result in restricted
access and disciplinary action consistent with {{Company.ShortName}} policy.

## 6. Control mapping

| Framework | Control(s) |
|---|---|
| NIST SP 800-171 | 3.2.1, 3.2.2, 3.2.3 |
| CMMC 2.0 | AT.L2-3.2.1, AT.L2-3.2.2, AT.L2-3.2.3 |
| NIST CSF | PR.AT-1, PR.AT-2 |

> **Draft notice:** Generated as a NOIT Policy Hub template. Placeholder tokens are resolved
> per client by the merge engine. Distribution/acknowledgment via Phin Security (M4 Track A).
> Requires vCIO/legal review before issuance.
',
            N'Initial seed from policy-templates/nist-cmmc/awareness-and-training.md (0.1-draft).', @seedUser, @now);
END;

IF NOT EXISTS (SELECT 1 FROM PolicyVariables WHERE PolicyId = @pol_awareness_and_training AND [Key] = N'Company.LegalName')
    INSERT INTO PolicyVariables (PolicyId, [Key], Label, Question, InputType, Options, IsUniversal, Required, SortOrder)
    VALUES (@pol_awareness_and_training, N'Company.LegalName', N'Company legal name', N'What is the organization''s full legal name?', N'text', NULL, 1, 1, 1);
IF NOT EXISTS (SELECT 1 FROM PolicyVariables WHERE PolicyId = @pol_awareness_and_training AND [Key] = N'Company.ShortName')
    INSERT INTO PolicyVariables (PolicyId, [Key], Label, Question, InputType, Options, IsUniversal, Required, SortOrder)
    VALUES (@pol_awareness_and_training, N'Company.ShortName', N'Company short name', N'What short name should policies use in-text?', N'text', NULL, 1, 1, 2);
IF NOT EXISTS (SELECT 1 FROM PolicyVariables WHERE PolicyId = @pol_awareness_and_training AND [Key] = N'IT.Manager')
    INSERT INTO PolicyVariables (PolicyId, [Key], Label, Question, InputType, Options, IsUniversal, Required, SortOrder)
    VALUES (@pol_awareness_and_training, N'IT.Manager', N'Policy owner / IT manager', N'Who is the policy owner / IT manager (name + title)?', N'text', NULL, 1, 1, 3);
IF NOT EXISTS (SELECT 1 FROM PolicyVariables WHERE PolicyId = @pol_awareness_and_training AND [Key] = N'IT.ProviderName')
    INSERT INTO PolicyVariables (PolicyId, [Key], Label, Question, InputType, Options, IsUniversal, Required, SortOrder)
    VALUES (@pol_awareness_and_training, N'IT.ProviderName', N'Managed IT provider', N'Who is the managed IT provider?', N'text', NULL, 1, 1, 4);
IF NOT EXISTS (SELECT 1 FROM PolicyVariables WHERE PolicyId = @pol_awareness_and_training AND [Key] = N'Policy.EffectiveDate')
    INSERT INTO PolicyVariables (PolicyId, [Key], Label, Question, InputType, Options, IsUniversal, Required, SortOrder)
    VALUES (@pol_awareness_and_training, N'Policy.EffectiveDate', N'Policy effective date', N'What effective date should this policy set carry?', N'date', NULL, 1, 1, 5);
IF NOT EXISTS (SELECT 1 FROM PolicyVariables WHERE PolicyId = @pol_awareness_and_training AND [Key] = N'Policy.ReviewCadence')
    INSERT INTO PolicyVariables (PolicyId, [Key], Label, Question, InputType, Options, IsUniversal, Required, SortOrder)
    VALUES (@pol_awareness_and_training, N'Policy.ReviewCadence', N'Policy review cadence', N'How often will policies be reviewed?', N'text', NULL, 1, 1, 6);
IF NOT EXISTS (SELECT 1 FROM PolicyVariables WHERE PolicyId = @pol_awareness_and_training AND [Key] = N'Training.Frequency')
    INSERT INTO PolicyVariables (PolicyId, [Key], Label, Question, InputType, Options, IsUniversal, Required, SortOrder)
    VALUES (@pol_awareness_and_training, N'Training.Frequency', N'Training frequency', N'How often is security awareness training delivered?', N'text', NULL, 1, 1, 7);

COMMIT TRANSACTION;
